Datetime,Water Level (m)
2026-09-05 06:00:00,-0.0014507675
2026-09-05 07:00:00,-0.0014859207
2026-09-05 08:00:00,-0.0013763562
2026-09-05 09:00:00,-0.001404464
2026-09-05 10:00:00,-0.001420634
2026-09-05 11:00:00,-0.0014331533
2026-09-05 12:00:00,-0.0013548397
2026-09-05 13:00:00,-0.0014417829
2026-09-05 14:00:00,-0.0016624146
2026-09-05 15:00:00,-0.0019522414
2026-09-05 16:00:00,-0.0021334426
2026-09-05 17:00:00,-0.0022711307
2026-09-05 18:00:00,-0.0024188098
2026-09-05 19:00:00,-0.0024718102
2026-09-05 20:00:00,-0.0022981523
2026-09-05 21:00:00,-0.002195587
2026-09-05 22:00:00,-0.0020464542
2026-09-05 23:00:00,0.010373968
2026-09-06 00:00:00,0.012271979
2026-09-06 01:00:00,0.023107618
2026-09-06 02:00:00,0.032551527
2026-09-06 03:00:00,0.04170757
2026-09-06 04:00:00,0.05073104
2026-09-06 05:00:00,0.059527718
2026-09-06 06:00:00,0.060321424
2026-09-06 07:00:00,0.06033019
2026-09-06 08:00:00,0.07457272
2026-09-06 09:00:00,0.1394421
2026-09-06 10:00:00,0.13766764
2026-09-06 11:00:00,0.15481386
2026-09-06 12:00:00,0.17045711
2026-09-06 13:00:00,0.18551195
2026-09-06 14:00:00,0.20035459
2026-09-06 15:00:00,0.21480252
2026-09-06 16:00:00,0.2287811
2026-09-06 17:00:00,0.2428933
2026-09-06 18:00:00,0.25743443
2026-09-06 19:00:00,0.27263865
2026-09-06 20:00:00,0.28865588
2026-09-06 21:00:00,0.319056
2026-09-06 22:00:00,0.36746258
2026-09-06 23:00:00,0.41788697
2026-09-07 00:00:00,0.46737677
2026-09-07 01:00:00,0.5153297
2026-09-07 02:00:00,0.6166236
2026-09-07 03:00:00,0.70070326
2026-09-07 04:00:00,0.76898766
2026-09-07 05:00:00,0.82688
2026-09-07 06:00:00,0.87756246
2026-09-07 07:00:00,0.9235779
2026-09-07 08:00:00,0.9667237
2026-09-07 09:00:00,1.0082831
2026-09-07 10:00:00,1.0487009
2026-09-07 11:00:00,1.0876951
2026-09-07 12:00:00,1.125668
2026-09-07 13:00:00,1.1619971
2026-09-07 14:00:00,1.1966257
2026-09-07 15:00:00,1.229976
2026-09-07 16:00:00,1.26184
2026-09-07 17:00:00,1.2922375
2026-09-07 18:00:00,1.3217574
2026-09-07 19:00:00,1.351134
2026-09-07 20:00:00,1.3809971
2026-09-07 21:00:00,1.4115511
2026-09-07 22:00:00,1.4425697
2026-09-07 23:00:00,1.4736984
2026-09-08 00:00:00,1.5043855
2026-09-08 01:00:00,1.5345336
2026-09-08 02:00:00,1.5633051
2026-09-08 03:00:00,1.5916713
2026-09-08 04:00:00,1.6194553
2026-09-08 05:00:00,1.6463914
2026-09-08 06:00:00,1.6726098
2026-09-08 07:00:00,1.6988868
2026-09-08 08:00:00,1.7257586
2026-09-08 09:00:00,1.7535988
2026-09-08 10:00:00,1.7823789
2026-09-08 11:00:00,1.8119948
2026-09-08 12:00:00,1.8415905
2026-09-08 13:00:00,1.8702532
2026-09-08 14:00:00,1.8978286
2026-09-08 15:00:00,1.9242537
2026-09-08 16:00:00,1.9495429
2026-09-08 17:00:00,1.9734122
2026-09-08 18:00:00,1.9958137
2026-09-08 19:00:00,2.0174096
2026-09-08 20:00:00,2.0390604
2026-09-08 21:00:00,2.0615766
2026-09-08 22:00:00,2.085
2026-09-08 23:00:00,2.1093667
2026-09-09 00:00:00,2.1335993
2026-09-09 01:00:00,2.1578166
2026-09-09 02:00:00,2.2147005
2026-09-09 03:00:00,2.2529821
2026-09-09 04:00:00,2.3085582
2026-09-09 05:00:00,2.3764288
2026-09-09 06:00:00,2.4207819
2026-09-09 07:00:00,2.4535365
2026-09-09 08:00:00,2.4820898
2026-09-09 09:00:00,2.5092678
2026-09-09 10:00:00,2.535604
2026-09-09 11:00:00,2.5614722
2026-09-09 12:00:00,2.5864573
2026-09-09 13:00:00,2.6102226
2026-09-09 14:00:00,2.632619
2026-09-09 15:00:00,2.6539552
2026-09-09 16:00:00,2.6741676
2026-09-09 17:00:00,2.6931713
2026-09-09 18:00:00,2.7107728
2026-09-09 19:00:00,2.727245
2026-09-09 20:00:00,2.7427793
2026-09-09 21:00:00,2.7587051
2026-09-09 22:00:00,2.7754972
2026-09-09 23:00:00,2.7929518
2026-09-10 00:00:00,2.8105
2026-09-10 01:00:00,2.827827
2026-09-10 02:00:00,2.8443794
2026-09-10 03:00:00,2.860173
2026-09-10 04:00:00,2.8752143
2026-09-10 05:00:00,2.8893971
2026-09-10 06:00:00,2.9024837
2026-09-10 07:00:00,2.9142256
2026-09-10 08:00:00,2.9253569
2026-09-10 09:00:00,2.9371748
2026-09-10 10:00:00,2.9488387
2026-09-10 11:00:00,2.9460077
2026-09-10 12:00:00,2.945286
2026-09-10 13:00:00,2.9467366
2026-09-10 14:00:00,2.9486415
2026-09-10 15:00:00,2.9509015
2026-09-10 16:00:00,2.9531472
2026-09-10 17:00:00,2.955351
2026-09-10 18:00:00,2.957536
2026-09-10 19:00:00,2.9595501
2026-09-10 20:00:00,2.9615998
2026-09-10 21:00:00,2.964514
2026-09-10 22:00:00,2.9692183
2026-09-10 23:00:00,2.9750538
2026-09-11 00:00:00,2.9825757
2026-09-11 01:00:00,2.990642
2026-09-11 02:00:00,2.998081
2026-09-11 03:00:00,3.0052435
2026-09-11 04:00:00,3.011627
2026-09-11 05:00:00,3.017336
2026-09-11 06:00:00,3.0223334
